1,Brier,Witchard,bwitchard0@creativecommons.org,Female,127.246.180.254
2,Stephani,Ruhben,sruhben1@loc.gov,Female,36.21.180.226
3,Quillan,Simnett,qsimnett2@kickstarter.com,Male,76.170.121.174
4,Sela,Courtliff,scourtliff3@skyrock.com,Female,47.29.166.1
5,Christoph,Castan,ccastan4@phoca.cz,Male,82.75.142.121
6,Amos,Fierro,afierro5@elegantthemes.com,Male,69.235.236.120
7,Lazar,Brocking,lbrocking6@phoca.cz,Male,225.174.65.45
8,Happy,Gormally,hgormally7@istockphoto.com,Female,149.239.223.178
9,Nichol,McFadden,nmcfadden8@princeton.edu,Female,177.199.205.110
10,Tam,Fridd,tfridd9@statcounter.com,Male,227.96.114.209
11,Brittaney,Leavey,bleaveya@blog.com,Female,145.149.85.163
12,Edwin,Ellingworth,eellingworthb@bloomberg.com,Male,177.48.143.171
13,Babita,Beyne,bbeynec@dot.gov,Female,67.107.44.161
14,Blake,Goldwater,bgoldwaterd@samsung.com,Female,205.30.230.224
15,Eward,Grandham,egrandhame@ft.com,Male,24.187.106.117
16,Scottie,Mc Curlye,smccurlyef@foxnews.com,Male,99.109.76.49
17,Cherilynn,Chinnick,cchinnickg@narod.ru,Female,232.16.64.166
18,Clio,Leisk,cleiskh@webs.com,Female,38.160.50.30
19,Fraser,Dugall,fdugalli@tripod.com,Male,47.130.166.220
20,Worth,Geary,wgearyj@slideshare.net,Male,4.58.72.49
21,Kanya,Blenkinship,kblenkinshipk@statcounter.com,Female,51.246.76.42
22,Gweneth,Bontoft,gbontoftl@bbb.org,Female,6.255.103.97
23,Adham,Bowerbank,abowerbankm@sourceforge.net,Male,73.174.0.43
24,Lucho,Scutchin,lscutchinn@ocn.ne.jp,Male,200.39.91.107
25,Caz,Capelle,ccapelleo@imageshack.us,Male,137.199.85.33
26,Holmes,Hornbuckle,hhornbucklep@simplemachines.org,Male,37.169.237.104
27,Theobald,Calderonello,tcalderonelloq@shinystat.com,Male,131.10.26.43
28,Lianna,Goodie,lgoodier@bbb.org,Female,166.165.124.180
29,Katusha,Vicarey,kvicareys@ameblo.jp,Female,37.246.157.240
30,Chickie,Billie,cbilliet@exblog.jp,Male,25.140.208.94
31,Krissy,Shevill,kshevillu@fc2.com,Female,111.115.185.104
32,Yettie,Dann,ydannv@networksolutions.com,Female,102.75.23.209
33,Sky,Blaxlande,sblaxlandew@npr.org,Male,203.180.217.5
34,Dore,Arrell,darrellx@furl.net,Female,37.24.202.165
35,Corette,Wearden,cweardeny@spiegel.de,Female,210.141.30.217
36,Nanine,Fludder,nfludderz@eventbrite.com,Female,67.254.13.202
37,Brant,Dunan,bdunan10@walmart.com,Male,201.183.57.236
38,Carlie,Athridge,cathridge11@amazon.com,Male,48.109.25.166
39,Chrysa,McPeeters,cmcpeeters12@boston.com,Female,96.5.119.197
40,Christophe,Gerty,cgerty13@mac.com,Male,223.190.34.195
41,Gardener,Pond,gpond14@wikispaces.com,Male,20.142.242.159
42,Allard,Wingate,awingate15@arstechnica.com,Male,188.115.146.253
43,Gretta,Hamelyn,ghamelyn16@t.co,Female,15.36.27.108
44,Uriah,McCullogh,umccullogh17@tumblr.com,Male,53.158.62.50
45,Dorthy,Walling,dwalling18@tinypic.com,Female,134.87.20.91
46,Zerk,Schimann,zschimann19@npr.org,Male,181.51.28.157
47,Emmerich,Wigginton,ewigginton1a@gnu.org,Male,252.98.243.202
48,Samara,Stidworthy,sstidworthy1b@house.gov,Female,75.94.58.237
49,Orren,Le Brom,olebrom1c@prlog.org,Male,58.81.11.67
50,Melodee,Ondra,mondra1d@guardian.co.uk,Female,232.14.140.232
51,Helen-elizabeth,Cream,hcream1e@epa.gov,Female,31.130.176.18
52,Aeriela,Sieur,asieur1f@independent.co.uk,Female,104.110.1.55
53,Quintus,Ossulton,qossulton1g@fotki.com,Male,248.15.129.41
54,Vivyanne,Adamsky,vadamsky1h@gov.uk,Female,147.215.160.223
55,Verney,Awcoate,vawcoate1i@oaic.gov.au,Male,147.21.32.145
56,Daven,Beurich,dbeurich1j@ocn.ne.jp,Male,78.153.186.228
57,Aguste,Oultram,aoultram1k@soundcloud.com,Male,246.137.229.102
58,Ekaterina,McRitchie,emcritchie1l@skype.com,Female,239.147.51.41
59,Iver,Buxcy,ibuxcy1m@unblog.fr,Male,118.51.3.89
60,Lew,Gardiner,lgardiner1n@networksolutions.com,Male,92.35.44.133
61,Theressa,Proschek,tproschek1o@list-manage.com,Female,153.157.123.188
62,Boone,Dethloff,bdethloff1p@jiathis.com,Male,91.180.247.8
63,Fidelia,Guiraud,fguiraud1q@devhub.com,Female,64.156.29.83
64,Madelle,Loghan,mloghan1r@sun.com,Female,82.104.95.58
65,Dexter,Benoit,dbenoit1s@cnn.com,Male,151.142.151.34
66,Judye,MacClure,jmacclure1t@livejournal.com,Female,244.19.69.166
67,Orran,Portinari,oportinari1u@usnews.com,Male,16.129.253.223
68,Mylo,Mixhel,mmixhel1v@weebly.com,Male,120.138.70.81
69,Janna,Kleine,jkleine1w@about.me,Female,211.33.172.16
70,Wain,Reardon,wreardon1x@histats.com,Male,29.74.122.175
71,Kaja,Minithorpe,kminithorpe1y@sitemeter.com,Female,179.205.62.42
72,Nikolaus,Tubbles,ntubbles1z@deliciousdays.com,Male,55.139.195.199
73,Karlis,Borchardt,kborchardt20@hibu.com,Male,20.211.64.87
74,Mathe,Oliveti,moliveti21@cbsnews.com,Male,111.104.111.161
75,Jennie,O'Conor,joconor22@soup.io,Female,197.100.210.224
76,Merilyn,Tunnacliffe,mtunnacliffe23@dot.gov,Female,118.76.189.221
77,Harman,Rampling,hrampling24@sogou.com,Male,83.164.44.176
78,Scarlet,Dod,sdod25@myspace.com,Female,218.9.67.250
79,Andreas,Matthew,amatthew26@seesaa.net,Male,179.118.144.120
80,Dacy,Redman,dredman27@linkedin.com,Female,181.139.146.85
81,Marion,Barnwell,mbarnwell28@trellian.com,Female,223.245.142.39
82,Rayna,Treacy,rtreacy29@tinyurl.com,Female,225.141.134.225
83,Hal,Wellbelove,hwellbelove2a@nhs.uk,Male,173.46.28.253
84,Dicky,Antley,dantley2b@technorati.com,Male,219.142.32.59
85,Riane,Bowland,rbowland2c@people.com.cn,Female,179.50.66.154
86,Marthe,Dellit,mdellit2d@amazon.de,Female,57.210.136.178
87,Virgil,Skippen,vskippen2e@furl.net,Male,199.171.114.155
88,Ignatius,Gepp,igepp2f@bizjournals.com,Male,142.42.101.29
89,Alma,Zanutti,azanutti2g@360.cn,Female,24.97.154.140
90,Cally,Brunker,cbrunker2h@themeforest.net,Female,49.86.178.37
91,Edithe,Glavias,eglavias2i@house.gov,Female,24.51.177.80
92,Ogden,Bryenton,obryenton2j@unc.edu,Male,41.153.35.154
93,Traver,Okenden,tokenden2k@taobao.com,Male,106.41.116.237
94,Joli,O'Teague,joteague2l@usnews.com,Female,193.88.67.234
95,Torrance,Dubarry,tdubarry2m@amazon.co.uk,Male,23.154.129.126
96,Flossy,Halcro,fhalcro2n@gizmodo.com,Female,57.111.60.107
97,Rennie,Pendergast,rpendergast2o@census.gov,Female,61.98.126.173
98,Thurston,Vittet,tvittet2p@ehow.com,Male,186.140.26.17
99,Nickie,Shurmer,nshurmer2q@deliciousdays.com,Female,141.112.129.140
100,Brit,Scotchmor,bscotchmor2r@nih.gov,Male,202.252.197.242
101,Kelci,Aves,kaves2s@cnet.com,Female,210.30.69.239
102,Elfreda,Vile,evile2t@chicagotribune.com,Female,193.0.222.47
103,Deb,Kabos,dkabos2u@alexa.com,Female,157.137.186.161
104,Lisha,Dreini,ldreini2v@technorati.com,Female,160.35.46.193
105,Elva,Chappelle,echappelle2w@wikia.com,Female,236.202.97.152
106,Dani,Boultwood,dboultwood2x@cbc.ca,Female,231.167.218.62
107,Zuzana,Sprigg,zsprigg2y@plala.or.jp,Female,246.203.135.57
108,Emile,Plumridege,eplumridege2z@1688.com,Male,129.89.104.203
109,Kippie,Rizzardini,krizzardini30@newyorker.com,Male,12.223.197.119
110,Jenifer,Lafee,jlafee31@biblegateway.com,Female,253.241.172.12
111,Karry,Kilshall,kkilshall32@github.com,Female,194.27.110.244
112,Jordain,Ales0,jales33@chronoengine.com,Female,150.244.153.161
113,Pooh,Carnell,pcarnell34@arstechnica.com,Male,133.224.95.79
114,Ulrick,Crandon,ucrandon35@ow.ly,Male,205.133.65.97
115,Grover,Burstow,gburstow36@msu.edu,Male,59.88.233.210
116,Alessandra,McBrearty,amcbrearty37@issuu.com,Female,134.26.93.215
117,Nataniel,Arkow,narkow38@theatlantic.com,Male,63.201.227.41
118,Raul,Donnel,rdonnel39@istockphoto.com,Male,21.173.226.110
119,Ambrosius,Paxforde,apaxforde3a@tinyurl.com,Male,222.128.158.175
120,Hillier,Viollet,hviollet3b@macromedia.com,Male,103.74.6.51
121,Iver,Pusey,ipusey3c@senate.gov,Male,57.93.67.177
122,Kerwin,Stuckley,kstuckley3d@livejournal.com,Male,206.1.80.152
123,Garreth,Thick,gthick3e@prweb.com,Male,198.95.89.188
124,Tremaine,Rollings,trollings3f@4shared.com,Male,72.57.208.173
125,Siward,Freiburger,sfreiburger3g@a8.net,Male,114.252.67.62
126,Claudette,Brewse,cbrewse3h@instagram.com,Female,92.195.29.2
127,Ash,Gianetti,agianetti3i@geocities.jp,Male,156.134.212.90
128,Rosanne,d'Arcy,rdarcy3j@patch.com,Female,79.174.142.235
129,Ysabel,Ketch,yketch3k@washington.edu,Female,18.214.173.76
130,Toddy,Jozsa,tjozsa3l@amazon.co.uk,Male,128.220.128.214
131,Gian,Wankling,gwankling3m@elegantthemes.com,Male,202.13.184.178
132,Pooh,Bachnic,pbachnic3n@vk.com,Male,22.254.226.67
133,Bradan,Kunert,bkunert3o@mail.ru,Male,216.37.0.178
134,Nicholas,Duns,nduns3p@chron.com,Male,9.244.131.64
135,Forbes,Meere,fmeere3q@deliciousdays.com,Male,109.87.211.210
136,Brod,Dunseith,bdunseith3r@flickr.com,Male,88.160.128.96
137,Kailey,Doncaster,kdoncaster3s@discuz.net,Female,72.158.91.51
138,Jone,Knipe,jknipe3t@shutterfly.com,Male,128.226.152.190
139,Malory,Jeffers,mjeffers3u@aboutads.info,Female,173.195.89.15
140,Marissa,Echlin,mechlin3v@miibeian.gov.cn,Female,215.229.101.190
141,Alonzo,Attenbrow,aattenbrow3w@homestead.com,Male,160.70.152.59
142,Scotty,Boneham,sboneham3x@soup.io,Male,19.89.99.236
143,Natalie,Akker,nakker3y@nymag.com,Female,255.220.232.169
144,Alvera,Perry,aperry3z@google.ru,Female,47.216.131.21
145,Rene,Springham,rspringham40@goo.gl,Male,173.134.34.156
146,Clea,Summersett,csummersett41@alibaba.com,Female,35.110.93.39
147,Christabella,Smickle,csmickle42@godaddy.com,Female,253.54.216.39
148,Sheba,Ghioni,sghioni43@dyndns.org,Female,100.21.8.122
149,Myrna,Cubbin,mcubbin44@mlb.com,Female,87.73.134.176
150,Ulrick,Bogies,ubogies45@mediafire.com,Male,171.50.1.10
151,Irma,Jaquet,ijaquet46@vk.com,Female,156.241.199.176
152,Donal,Growcock,dgrowcock47@spiegel.de,Male,96.8.185.67
153,Yancey,Wolffers,ywolffers48@flickr.com,Male,216.16.97.190
154,Martynne,Flanaghan,mflanaghan49@cpanel.net,Female,69.42.186.255